town,n_t0,n_t1,med_ppsm_2025q3,med_ppsm_2026q3,med_pct_change,mean_ppsm_2025q3,mean_ppsm_2026q3,share_2025q3,share_2026q3,rate_effect,mix_effect,interaction
TAMPINES,225,294,6504.84,6666.67,2.49,6936.51,7119.6,0.0736,0.0899,13.48,113.11,2.99
PUNGGOL,232,267,7405.33,7311.83,-1.26,7435.41,7353.21,0.0759,0.0817,-6.24,42.83,-0.47
SENGKANG,273,259,7043.01,6847.83,-2.77,7150.88,6934.68,0.0893,0.0792,-19.31,-72.21,2.18
WOODLANDS,219,246,5811.11,5602.2,-3.6,5898.33,5703.34,0.0716,0.0752,-13.97,21.18,-0.7
YISHUN,235,231,6082.0,5824.18,-4.24,6078.54,5865.43,0.0769,0.0706,-16.38,-37.87,1.33
BUKIT BATOK,134,189,6731.18,6304.35,-6.34,6658.07,6385.6,0.0438,0.0578,-11.94,92.98,-3.8
BEDOK,128,176,6336.35,6570.51,3.7,6994.8,7502.57,0.0419,0.0538,21.26,83.6,6.07
HOUGANG,193,174,6452.38,6285.71,-2.58,6570.22,6414.98,0.0631,0.0532,-9.8,-65.19,1.54
JURONG WEST,168,173,5729.48,5456.24,-4.77,5778.99,5586.09,0.055,0.0529,-10.6,-11.85,0.4
CHOA CHU KANG,140,151,5566.49,5436.89,-2.33,5709.26,5637.75,0.0458,0.0462,-3.27,2.17,-0.03
SEMBAWANG,137,119,6559.14,6505.38,-0.82,6624.37,6549.43,0.0448,0.0364,-3.36,-55.8,0.63
BUKIT MERAH,97,116,10185.0,10182.19,-0.03,9674.53,9658.59,0.0317,0.0355,-0.51,36.22,-0.06
TOA PAYOH,131,114,10780.22,11234.25,4.21,9903.48,10417.71,0.0429,0.0349,22.04,-79.13,-4.11
BUKIT PANJANG,116,103,6129.99,6182.8,0.86,6163.39,6154.97,0.0379,0.0315,-0.32,-39.74,0.05
PASIR RIS,71,100,5980.95,5977.11,-0.06,6366.13,6408.38,0.0232,0.0306,0.98,46.83,0.31
KALLANG/WHAMPOA,83,97,9666.67,9500.0,-1.72,9398.16,9266.66,0.0272,0.0297,-3.57,23.62,-0.33
QUEENSTOWN,59,95,10666.67,11833.33,10.94,10865.29,11430.86,0.0193,0.0291,10.92,105.96,5.52
ANG MO KIO,84,64,6451.22,6463.41,0.19,7632.39,7701.6,0.0275,0.0196,1.9,-60.34,-0.55
BISHAN,58,60,7944.15,7820.18,-1.56,8024.59,7877.58,0.019,0.0183,-2.79,-5.01,0.09
GEYLANG,75,59,7023.81,7559.14,7.62,8224.17,8463.72,0.0245,0.018,5.88,-53.38,-1.55
SERANGOON,52,57,7236.84,6978.02,-3.58,7268.1,7136.17,0.017,0.0174,-2.24,3.06,-0.06
CLEMENTI,74,50,9723.74,9382.61,-3.51,9385.31,9006.2,0.0242,0.0153,-9.18,-83.68,3.38
JURONG EAST,38,42,5718.42,5598.72,-2.09,5866.54,5783.67,0.0124,0.0128,-1.03,2.43,-0.03
CENTRAL AREA,23,23,14481.72,8947.37,-38.22,12475.57,10290.82,0.0075,0.007,-16.44,-6.11,1.07
MARINE PARADE,7,7,8390.24,7500.0,-10.61,7939.32,7349.83,0.0023,0.0021,-1.35,-1.18,0.09
BUKIT TIMAH,5,4,7362.64,9100.96,23.61,7553.2,9137.02,0.0016,0.0012,2.59,-3.11,-0.65
